Question ID,Answer
102781,"[('yasunari_kawabata', 0.03383333333333333), ('graham_greene', 0.020000000000000004), ('daedalus', 0.016666666666666666), ('madame_bovary', 0.003533333333333333), ('the_sun_also_rises', 0.003083333333333333), ('jane_eyre', 0.0028333333333333335), ('the_crying_of_lot_49', 0.0024318181818181813), ('on_the_road', 0.002366666666666667), ('far_from_the_madding_crowd', 0.002333333333333333), ('dream_of_the_red_chamber', 0.0022500000000000003), ('a_room_with_a_view', 0.0022166666666666667)]"
103026,"[('the_trial', 0.05116666666666667), ('milan_kundera', 0.033666666666666664), ('joseph_conrad', 0.025), ('matthew_arnold', 0.025), ('all_my_sons', 0.02033333333333334), ('steppenwolf_(novel)', 0.007533333333333334), ('death_in_venice', 0.0011666666666666665), ('emily_dickinson', 0.001), ('the_frogs', 0.001), ('in_search_of_lost_time', 0.001), ('john_updike', 0.001)]"
104916,"[('spoon_river_anthology', 0.002333333333333333), ('langston_hughes', 0.0015), ('jorge_luis_borges', 0.0014166666666666668), ('sinclair_lewis', 0.00125), ('nikolai_gogol', 0.0012000000000000001), ('anthony_burgess', 0.001), ('in_search_of_lost_time', 0.001), ('ethan_frome', 0.001), ('sylvia_plath', 0.001), ('zora_neale_hurston', 0.00075), ('thomas_pynchon', 0.00075)]"
105196,"[('the_waste_land', 0.025), ('edward_albee', 0.025), ('arthur_rimbaud', 0.025), ('d._h._lawrence', 0.020000000000000004), ('the_rape_of_the_lock', 0.001), ('madame_bovary', 0.0005), ('ben_jonson', 0.0005), ('sonnets_from_the_portuguese', 0.0005), ('crime_and_punishment', 0.0005), ('a_raisin_in_the_sun', 0.0005), ('joseph_conrad', 0.0003333333333333333)]"
105378,"[('pygmalion_(play)', 0.03333333333333333), ('the_rime_of_the_ancient_mariner', 0.03333333333333333), ('miss_julie', 0.025), ('sons_and_lovers', 0.016666666666666666), ('ethan_frome', 0.00125), ('ezra_pound', 0.001), ('the_house_of_the_spirits', 0.001), ('mrs_dalloway', 0.001), ('yukio_mishima', 0.001), ('a_room_with_a_view', 0.001), ('silent_cry', 0.00075)]"
106631,"[('henry_fielding', 0.051000000000000004), ('william_cullen_bryant', 0.026500000000000003), ('the_misanthrope', 0.02525), ('hedda_gabler', 0.0035), ('death_in_venice', 0.0031666666666666666), ('henry_miller', 0.002666666666666667), ('silas_marner', 0.0026666666666666666), ('three_sisters_(play)', 0.0024333333333333334), ('the_importance_of_being_earnest', 0.0024000000000000002), ('all_my_sons', 0.0023333333333333335), ('the_master_builder', 0.002333333333333333)]"
107044,"[('the_age_of_innocence', 0.001), ('john_donne', 0.0005), ('j._d._salinger', 0.0005), ('henry_wadsworth_longfellow', 0.0005), ('henry_james', 0.0003333333333333333), ('sister_carrie', 0.0003333333333333333), ('chinua_achebe', 0.0003333333333333333), ('william_golding', 0.0003333333333333333), ('kenzaburo_oe', 0.0003333333333333333), ('rupert_brooke', 0.0003333333333333333), ('william_wordsworth', 0.0003333333333333333)]"
107205,"[('sister_carrie', 0.033433333333333336), ('the_cherry_orchard', 0.030783333333333347), ('the_seagull', 0.02658333333333334), ('to_the_lighthouse', 0.025583333333333336), ('the_rape_of_the_lock', 0.025), ('arthur_miller', 0.004277777777777778), ('three_sisters_(play)', 0.003416666666666667), ('the_alchemist_(play)', 0.0029), ('glengarry_glen_ross', 0.002333333333333333), ('a_raisin_in_the_sun', 0.0021666666666666666), ('volpone', 0.002076923076923077)]"
107709,"[('love_in_the_time_of_cholera', 0.021996212121212128), ('middlemarch', 0.018083333333333333), ('dream_of_the_red_chamber', 0.003333333333333333), ('far_from_the_madding_crowd', 0.003), ('on_the_road', 0.0028333333333333335), ('jane_eyre', 0.0025), ('wuthering_heights', 0.002266666666666667), ('a_raisin_in_the_sun', 0.0022500000000000003), ('three_sisters_(play)', 0.0021666666666666666), (""who's_afraid_of_virginia_woolf?"", 0.0021666666666666666), ('the_seagull', 0.0021666666666666666)]"
107716,"[('the_mayor_of_casterbridge', 0.034999999999999996), ('the_ambassadors', 0.03383333333333333), ('cormac_mccarthy', 0.025500000000000002), ('the_rivals', 0.020250000000000004), ('far_from_the_madding_crowd', 0.0035), ('arms_and_the_man', 0.0032500000000000003), ('dream_of_the_red_chamber', 0.003), ('major_barbara', 0.0029166666666666672), ('jane_eyre', 0.00275), ('the_iceman_cometh', 0.0027222222222222222), ('three_sisters_(play)', 0.0023611111111111116)]"
107982,"[('dubliners', 0.001), ('hart_crane', 0.0006666666666666666), ('chinua_achebe', 0.0005), ('matthew_arnold', 0.0005), ('the_temple_of_the_golden_pavilion', 0.00025), ('miss_julie', 0.0), ('adam_bede_(character)', 0), ('william_blake', 0), ('the_age_of_innocence', 0), ('the_master_builder', 0.0), ('nathaniel_hawthorne', 0)]"
108213,"[('sister_carrie', 0.002), ('stephen_crane', 0.0015), ('oliver_goldsmith', 0.00125), ('sophocles', 0.001142857142857143), ('death_in_venice', 0.001), ('naguib_mahfouz', 0.001), ('john_milton', 0.001), ('war_and_peace', 0.001), ('orlando_furioso', 0.001), ('the_importance_of_being_earnest', 0.0008666666666666666), ('the_metamorphosis', 0.0006666666666666666)]"
108745,"[('ethan_frome', 0.05039285714285715), ('graham_greene', 0.03333333333333333), ('the_temple_of_the_golden_pavilion', 0.02525), ('the_picture_of_dorian_gray', 0.022116666666666677), ('an_enemy_of_the_people', 0.003333333333333333), ('a_room_with_a_view', 0.0028666666666666667), ('the_alchemist_(play)', 0.002642857142857143), ('the_trial', 0.00175), ('maya_angelou', 0.0016666666666666666), ('on_the_road', 0.0016666666666666666), ('the_turn_of_the_screw', 0.0014166666666666666)]"
108878,"[('death_in_venice', 0.05025), ('the_rape_of_the_lock', 0.05), ('the_picture_of_dorian_gray', 0.02725000000000001), ('wuthering_heights', 0.002333333333333333), ('antigone_(sophocles)', 0.0015), ('ethan_frome', 0.0013666666666666666), ('a_portrait_of_the_artist_as_a_young_man', 0.0013333333333333333), ('henry_fielding', 0.0011666666666666665), ('madame_bovary', 0.001090909090909091), ('j._m._coetzee', 0.0010833333333333333), ('federico_garcia_lorca', 0.0010277777777777776)]"
109200,"[('jean_genet', 0.026000000000000002), ('the_tin_drum', 0.0032), ('william_shakespeare', 0.0030357142857142857), ('virginia_woolf', 0.002), ('love_in_the_time_of_cholera', 0.002), ('gao_xingjian', 0.002), ('nikolai_gogol', 0.002), ('thomas_mann', 0.00196978021978022), ('emma', 0.0015), ('giovanni_boccaccio', 0.0015), ('ethan_frome', 0.0014722222222222222)]"
110467,"[('ethan_frome', 0.05139166666666667), (""midnight's_children"", 0.05116666666666667), ('the_idiot', 0.05068333333333334), ('milan_kundera', 0.025), ('dream_of_the_red_chamber', 0.005733333333333333), ('an_american_tragedy', 0.004916666666666666), ('nikolai_gogol', 0.0031000000000000003), ('love_in_the_time_of_cholera', 0.00265959595959596), ('the_mayor_of_casterbridge', 0.0025833333333333337), ('the_plague', 0.0025), ('medea', 0.0023666666666666667)]"
112616,"[('jack_london', 0.050666666666666665), ('eugene_ionesco', 0.03414980158730159), ('bleak_house', 0.03383333333333333), ('the_bald_soprano', 0.033666666666666664), ('steppenwolf_(novel)', 0.033666666666666664), ('george_eliot', 0.03333333333333333), ('a_clockwork_orange', 0.03333333333333333), ('henry_miller', 0.025), ('sinclair_lewis', 0.0060039682539682546), ('john_steinbeck', 0.004959523809523809), ('kate_chopin', 0.0035333333333333336)]"
116403,"[('john_keats', 0.05), ('thomas_mann', 0.02796978021978023), ('evelyn_waugh', 0.02715), ('jorge_luis_borges', 0.026750000000000003), ('willa_cather', 0.02120238095238096), ('margaret_atwood', 0.007866666666666666), ('zora_neale_hurston', 0.004333333333333333), ('william_shakespeare', 0.004316666666666667), ('brave_new_world', 0.004200000000000001), ('william_faulkner', 0.004083333333333333), ('jane_austen', 0.004066666666666667)]"
120148,"[('thomas_hardy', 0.00125), ('the_mayor_of_casterbridge', 0.0010833333333333333), ('the_great_gatsby', 0.001), ('northanger_abbey', 0.001), ('ezra_pound', 0.001), ('madame_bovary', 0.0008333333333333333), ('medea', 0.0008333333333333333), ('silas_marner', 0.0008333333333333333), ('one_hundred_years_of_solitude', 0.0006666666666666666), ('glengarry_glen_ross', 0.0006666666666666666), ('haruki_murakami', 0.0006666666666666666)]"
121401,"[('an_american_tragedy', 0.002), ('the_idiot', 0.0011111111111111111), ('the_frogs', 0.001), ('richard_cory', 0.001), ('the_sorrows_of_young_werther', 0.001), ('far_from_the_madding_crowd', 0.001), ('dream_of_the_red_chamber', 0.001), ('invisible_man', 0.001), ('jude_the_obscure', 0.001), ('volpone', 0.0008333333333333333), ('the_master_builder', 0.00075)]"
121422,"[(""midnight's_children"", 0.025666666666666667), ('sons_and_lovers', 0.02016666666666667), ('emily_dickinson', 0.002), ('in_search_of_lost_time', 0.002), ('ralph_ellison', 0.0016666666666666666), ('on_the_road', 0.0010055555555555555), ('salman_rushdie', 0.001), ('the_plague', 0.001), ('w._b._yeats', 0.001), ('bleak_house', 0.001), ('all_quiet_on_the_western_front', 0.001)]"
121457,"[('a_farewell_to_arms', 0.051250000000000004), ('bleak_house', 0.034666666666666665), ('manuel_puig', 0.025750000000000002), ('george_orwell', 0.021200000000000004), ('henry_fielding', 0.021000000000000005), ('arthur_miller', 0.002777777777777778), ('eugene_ionesco', 0.0024333333333333334), ('marcel_proust', 0.002333333333333333), ('oscar_wilde', 0.002333333333333333), ('hart_crane', 0.0020039682539682536), ('the_spanish_tragedy', 0.002)]"
121842,"[('caliban', 0.033666666666666664), ('silas_marner', 0.033666666666666664), ('an_enemy_of_the_people', 0.033424242424242426), ('the_bald_soprano', 0.03333333333333333), ('george_eliot', 0.03333333333333333), ('ethan_frome', 0.02611666666666667), ('edward_albee', 0.02545), ('orion_(mythology)', 0.025333333333333336), ('lysistrata', 0.025333333333333336), ('the_great_gatsby', 0.025), ('the_house_of_mirth', 0.025)]"
123326,"[('marcel_proust', 0.03358333333333333), ('bernard_malamud', 0.0025), ('yasunari_kawabata', 0.0023499999999999997), ('henry_fielding', 0.002033333333333333), ('james_agee', 0.0019166666666666666), ('sinclair_lewis', 0.0018333333333333333), ('mario_vargas_llosa', 0.001753968253968254), ('the_trial', 0.0017000000000000001), ('naguib_mahfouz', 0.0016666666666666666), ('norman_mailer', 0.001642857142857143), ('julio_cortazar', 0.0015428571428571431)]"
138516,"[('mark_twain', 0.02525), ('sinclair_lewis', 0.020000000000000004), ('sons_and_lovers', 0.017), ('death_in_venice', 0.001), ('johann_wolfgang_von_goethe', 0.001), ('john_milton', 0.001), ('the_little_foxes', 0.001), ('wuthering_heights', 0.001), ('james_fenimore_cooper', 0.001), ('oliver_goldsmith', 0.00075), ('j._m._coetzee', 0.0007)]"
139608,"[('john_dryden', 0.1), ('ezra_pound', 0.03333333333333333), ('orion_(mythology)', 0.03333333333333333), ('giovanni_boccaccio', 0.03333333333333333), ('hera', 0.001), ('j._m._coetzee', 0.0008333333333333333), ('miguel_de_cervantes', 0.0006666666666666666), ('hart_crane', 0.000625), ('volpone', 0.0005), ('pearl_s._buck', 0.0005), ('thornton_wilder', 0.0005)]"
141260,"[('cymbeline', 0.025), ('sophocles', 0.0005), ('manuel_puig', 0.0005), ('to_the_lighthouse', 0.0003333333333333333), ('sister_carrie', 0.0003333333333333333), ('medea', 0.0003333333333333333), ('anna_karenina', 0.0003333333333333333), ('henry_james', 0.00025), ('the_count_of_monte_cristo', 0.0002), ('miss_julie', 0), ('adam_bede_(character)', 0)]"
141792,"[('the_age_of_innocence', 0.0015), ('miss_julie', 0), ('adam_bede_(character)', 0), ('william_blake', 0), ('the_master_builder', 0), ('nathaniel_hawthorne', 0), ('things_fall_apart', 0), ('major_barbara', 0), ('spoon_river_anthology', 0.0), ('samuel_beckett', 0), ('cry,_the_beloved_country', 0)]"
144774,"[('spoon_river_anthology', 0.033666666666666664), ('the_iceman_cometh', 0.03333333333333333), ('pygmalion_(play)', 0.003), ('daniel_defoe', 0.0013333333333333333), ('george_eliot', 0.0011666666666666665), ('stephen_vincent_benet', 0.001), ('the_spanish_tragedy', 0.001), ('the_lottery', 0.001), ('j._d._salinger', 0.001), ('eugene_ionesco', 0.001), ('pablo_neruda', 0.001)]"
145327,"[('joseph_conrad', 0.020000000000000004), ('the_importance_of_being_earnest', 0.0003333333333333333), ('harold_pinter', 0.00025), ('the_rivals', 0.00025), ('the_comedy_of_errors', 0.00025), ('henry_fielding', 0.00025), ('the_seagull', 0.00025), ('cymbeline', 0.0002), ('miss_julie', 0.0), ('adam_bede_(character)', 0), ('william_blake', 0)]"
145334,"[('howards_end', 0.0505), ('my_antonia', 0.001), (""midnight's_children"", 0.001), ('lysistrata', 0.001), ('an_american_tragedy', 0.0008333333333333333), ('a_room_with_a_view', 0.0008333333333333333), ('henry_fielding', 0.0008333333333333333), ('all_my_sons', 0.0005), ('zora_neale_hurston', 0.0005), ('middlemarch', 0.0005), ('jane_eyre', 0.0005)]"
148099,"[('stephen_vincent_benet', 0.001), ('gao_xingjian', 0.001), ('jorge_luis_borges', 0.001), ('john_steinbeck', 0.001), ('henry_wadsworth_longfellow', 0.0008333333333333333), ('james_fenimore_cooper', 0.0008333333333333333), ('christopher_marlowe', 0.0005833333333333333), ('arthur_miller', 0.0005), ('erich_maria_remarque', 0.0005), ('henry_james', 0.0005), ('the_rivals', 0.0005)]"
148848,"[('jane_eyre', 0.0005), ('miss_julie', 0), ('adam_bede_(character)', 0), ('william_blake', 0), ('the_age_of_innocence', 0), ('the_master_builder', 0), ('nathaniel_hawthorne', 0), ('things_fall_apart', 0), ('major_barbara', 0), ('spoon_river_anthology', 0), ('samuel_beckett', 0)]"
150815,"[('a_portrait_of_the_artist_as_a_young_man', 0.058583333333333334), ('john_steinbeck', 0.03333333333333333), ('ben_jonson', 0.025), ('george_bernard_shaw', 0.001), ('friedrich_schiller', 0.001), ('a_tale_of_two_cities', 0.001), ('william_golding', 0.001), ('andrew_marvell', 0.001), ('octavio_paz', 0.001), ('nabokov', 0.001), ('katherine_anne_porter', 0.001)]"
155666,"[(""a_connecticut_yankee_in_king_arthur's_court"", 0.003), ('the_plague', 0.0013333333333333333), ('four_quartets', 0.001), ('harold_pinter', 0.0008), ('pablo_neruda', 0.0006666666666666666), ('margaret_atwood', 0.0005), ('salman_rushdie', 0.0005), ('henry_miller', 0.0005), ('cormac_mccarthy', 0.0005), ('daniel_defoe', 0.0005), ('henry_fielding', 0.0005)]"
156429,"[('octavio_paz', 0.02525), ('hermann_hesse', 0.00075), ('thomas_gray', 0.0006666666666666666), ('william_carlos_williams', 0.0006428571428571428), ('euripides', 0.0005), ('henry_wadsworth_longfellow', 0.0005), ('pablo_neruda', 0.0005), ('william_wordsworth', 0.0005), ('william_cullen_bryant', 0.0004), ('ezra_pound', 0.0003333333333333333), ('william_shakespeare', 0.0003333333333333333)]"
157234,"[('stephen_crane', 0.03916666666666667), ('henry_miller', 0.034499999999999996), ('henry_james', 0.0025), ('ben_jonson', 0.0024047619047619048), ('joseph_conrad', 0.0022500000000000003), ('jack_london', 0.0020833333333333333), ('aeschylus', 0.002), ('gao_xingjian', 0.002), ('cormac_mccarthy', 0.002), ('henry_fielding', 0.002), ('henry_wadsworth_longfellow', 0.0019166666666666666)]"
160636,"[('clifford_odets', 0.004033333333333333), ('john_donne', 0.0015), ('friedrich_schiller', 0.0013333333333333333), ('miguel_de_cervantes', 0.0013333333333333333), ('nikolai_gogol', 0.00125), ('arthur_miller', 0.001), ('erich_maria_remarque', 0.001), ('virginia_woolf', 0.001), ('john_dryden', 0.001), ('margaret_atwood', 0.001), ('geoffrey_chaucer', 0.001)]"
162162,"[('jack_kerouac', 0.03916666666666666), ('d._h._lawrence', 0.03333333333333333), ('catch_22', 0.002), ('william_golding', 0.0016666666666666666), ('kate_chopin', 0.0015), ('cadmus', 0.0015), ('a_farewell_to_arms', 0.0015), ('erich_maria_remarque', 0.0014500000000000001), ('death_in_venice', 0.0013333333333333333), ('milan_kundera', 0.0013333333333333333), ('the_temple_of_the_golden_pavilion', 0.00125)]"
162176,"[('madame_bovary', 0.00125), ('volpone', 0.00075), ('an_american_tragedy', 0.0005833333333333333), ('death_of_a_salesman', 0.0005333333333333334), ('ezra_pound', 0.0005), ('bernard_malamud', 0.0005), ('shylock', 0.0005), ('steppenwolf_(novel)', 0.0005), ('sylvia_plath', 0.0005), ('hart_crane', 0.0005), ('daniel_deronda', 0.0005)]"
162526,"[('notes_from_underground', 0.020000000000000004), ('invisible_man', 0.0022), ('the_age_of_innocence', 0.002), ('ethan_frome', 0.0016666666666666666), ('j._d._salinger', 0.0015), ('madame_bovary', 0.00125), ('ralph_ellison', 0.001), ('william_wordsworth', 0.001), ('an_american_tragedy', 0.0008333333333333333), ('maxim_gorky', 0.0006666666666666666), ('henry_james', 0.0006666666666666666)]"
162568,"[('la_belle_dame_sans_merci', 0.005500000000000001), ('the_tin_drum', 0.0005), ('she_stoops_to_conquer', 0.0005), ('emma', 0.0005), ('yasunari_kawabata', 0.0003928571428571428), ('johann_wolfgang_von_goethe', 0.0003333333333333333), ('the_picture_of_dorian_gray', 0.0003333333333333333), ('w._b._yeats', 0.0003333333333333333), (""a_connecticut_yankee_in_king_arthur's_court"", 0.0003333333333333333), ('william_wordsworth', 0.0003333333333333333), ('silas_marner', 0.0003333333333333333)]"
164402,"[('lorraine_hansberry', 0.006000000000000002), (""who's_afraid_of_virginia_woolf?"", 0.002), ('bertolt_brecht', 0.002), ('the_little_foxes', 0.002), ('gabriela_mistral', 0.002), ('a_raisin_in_the_sun', 0.0016666666666666666), ('kate_chopin', 0.0015), ('arthur_conan_doyle', 0.0015), ('ambrose_bierce', 0.0015), ('thomas_hardy', 0.0015), ('henry_wadsworth_longfellow', 0.0013333333333333333)]"
164479,"[('the_alchemist_(play)', 0.001), ('hermann_hesse', 0.0006666666666666666), ('an_american_tragedy', 0.0005), ('naguib_mahfouz', 0.0005), ('ben_jonson', 0.0005), ('thomas_gray', 0.0005), ('titus_andronicus', 0.0005), ('an_enemy_of_the_people', 0.00045), ('cry,_the_beloved_country', 0.0003333333333333333), ('to_the_lighthouse', 0.0003333333333333333), ('the_importance_of_being_earnest', 0.0003333333333333333)]"
164521,"[('jack_kerouac', 0.034333333333333334), ('orion_(mythology)', 0.03383333333333333), ('anna_karenina', 0.03353333333333333), ('daedalus', 0.03333333333333333), ('john_donne', 0.026500000000000003), ('pablo_neruda', 0.025719047619047627), ('yasunari_kawabata', 0.0035), ('william_golding', 0.003), ('love_in_the_time_of_cholera', 0.002), ('boris_pasternak', 0.002), ('the_tin_drum', 0.002)]"
165277,"[('william_golding', 0.021250000000000005), ('their_eyes_were_watching_god', 0.014428571428571428), ('naguib_mahfouz', 0.003116666666666667), ('gao_xingjian', 0.0022500000000000003), ('manuel_puig', 0.0022), ('pearl_s._buck', 0.002), ('the_tin_drum', 0.002), ('ambrose_bierce', 0.002), ('john_steinbeck', 0.0018333333333333333), ('harold_pinter', 0.0016666666666666666), ('edgar_allan_poe', 0.0015)]"
165697,"[('federico_garcia_lorca', 0.03383333333333333), ('to_the_lighthouse', 0.03358333333333333), ('the_house_of_the_spirits', 0.001), ('sister_carrie', 0.001), ('chinua_achebe', 0.001), ('rabindranath_tagore', 0.001), ('arms_and_the_man', 0.001), ('phillis_wheatley', 0.001), ('a_farewell_to_arms', 0.001), ('john_dryden', 0.0005), ('four_quartets', 0.0005)]"
167524,"[('pale_fire', 0.020000000000000004), ('pablo_neruda', 0.001), ('wuthering_heights', 0.001), ('hart_crane', 0.001), ('oliver_goldsmith', 0.001), ('dover_beach', 0.0005), ('the_tempest', 0.0005), ('light_in_august', 0.0005), ('gabriela_mistral', 0.0005), ('howl', 0.0005), ('orlando_furioso', 0.0005)]"
168910,"[('marcel_proust', 0.002333333333333333), ('yasunari_kawabata', 0.0021666666666666666), ('the_frogs', 0.002), ('the_temple_of_the_golden_pavilion', 0.002), ('john_steinbeck', 0.001842857142857143), ('maxim_gorky', 0.0015), ('bret_harte', 0.0015), ('william_golding', 0.0014000000000000002), ('ezra_pound', 0.0013333333333333333), ('oscar_wilde', 0.0013333333333333333), ('william_wordsworth', 0.0013333333333333333)]"
170436,"[('walt_whitman', 0.10058333333333334), ('gustave_flaubert', 0.026000000000000006), ('paradise_lost', 0.025), ('one_hundred_years_of_solitude', 0.0032500000000000003), ('thomas_mann', 0.0025), ('maxim_gorky', 0.0022500000000000003), ('arthur_conan_doyle', 0.002), ('william_wordsworth', 0.0016666666666666666), ('joseph_conrad', 0.0015), ('katherine_anne_porter', 0.0015), ('george_bernard_shaw', 0.0013333333333333333)]"
170933,"[('stephen_vincent_benet', 0.033666666666666664), ('wuthering_heights', 0.025), ('four_quartets', 0.0022), ('william_golding', 0.001), ('cadmus', 0.001), ('ethan_frome', 0.001), ('sonnets_from_the_portuguese', 0.0008333333333333333), ('death_in_venice', 0.0006666666666666666), (""midnight's_children"", 0.0006666666666666666), ('arthur_conan_doyle', 0.0006666666666666666), ('the_day_of_the_locust', 0.0006666666666666666)]"
171304,"[('cry,_the_beloved_country', 0.033666666666666664), ('john_dryden', 0.03333333333333333), ('ezra_pound', 0.03333333333333333), ('giovanni_boccaccio', 0.03333333333333333), ('j._m._coetzee', 0.020000000000000004), ('hera', 0.002), ('demeter', 0.002), ('the_comedy_of_errors', 0.0016666666666666666), ('nikolai_gogol', 0.0015), ('john_milton', 0.001), ('one_hundred_years_of_solitude', 0.0008333333333333333)]"
172564,"[('the_tin_drum', 0.050833333333333335), ('northanger_abbey', 0.033916666666666664), ('spoon_river_anthology', 0.03333333333333333), ('the_iceman_cometh', 0.03333333333333333), ('gustave_flaubert', 0.025), ('bleak_house', 0.0013333333333333333), ('naguib_mahfouz', 0.001), ('ezra_pound', 0.001), ('salman_rushdie', 0.001), ('jane_austen', 0.001), ('henrik_ibsen', 0.001)]"
173047,"[('zora_neale_hurston', 0.05358333333333334), ('maya_angelou', 0.003), ('kate_chopin', 0.0025), ('aeschylus', 0.002), ('william_golding', 0.002), ('louisa_may_alcott', 0.0015), ('kazuo_ishiguro', 0.00125), ('erich_maria_remarque', 0.001), ('virginia_woolf', 0.001), ('madame_bovary', 0.001), ('sinclair_lewis', 0.001)]"
173075,"[('hera', 0.002), ('demeter', 0.002), ('madame_bovary', 0.001), ('zora_neale_hurston', 0.001), ('maya_angelou', 0.001), ('the_comedy_of_errors', 0.001), ('their_eyes_were_watching_god', 0.001), ('robert_louis_stevenson', 0.0006666666666666666), ('all_quiet_on_the_western_front', 0.0006666666666666666), ('cry,_the_beloved_country', 0.0005), ('absalom,_absalom!', 0.0005)]"
173768,"[('daniel_defoe', 0.05), ('jack_kerouac', 0.03333333333333333), ('orion_(mythology)', 0.03333333333333333), ('daedalus', 0.03333333333333333), ('john_donne', 0.025), ('john_dryden', 0.001), ('northanger_abbey', 0.001), ('jane_eyre', 0.001), ('laurence_sterne', 0.0003333333333333333), ('truman_capote', 0.0003333333333333333), ('william_golding', 0.00025)]"
174202,"[('d._h._lawrence', 0.03791666666666667), ('silas_marner', 0.02033333333333334), ('graham_greene', 0.0028333333333333335), ('thomas_hardy', 0.0025), ('yasunari_kawabata', 0.0021666666666666666), ('james_fenimore_cooper', 0.002033333333333333), ('mario_vargas_llosa', 0.002), ('cormac_mccarthy', 0.002), ('gustave_flaubert', 0.002), ('chinua_achebe', 0.0018666666666666666), ('henry_fielding', 0.0018333333333333333)]"
174545,"[('evelyn_waugh', 0.03333333333333333), ('william_carlos_williams', 0.03333333333333333), ('dream_of_the_red_chamber', 0.003), ('death_of_a_salesman', 0.002), ('oliver_goldsmith', 0.0011250000000000001), ('thornton_wilder', 0.001), ('julio_cortazar', 0.001), ('thomas_hardy', 0.001), ('the_life_and_opinions_of_tristram_shandy,_gentleman', 0.001), ('christopher_marlowe', 0.0008666666666666666), ('miguel_de_cervantes', 0.0008333333333333333)]"
175980,"[('harold_pinter', 0.020200000000000003), ('middlemarch', 0.014535714285714285), ('henry_miller', 0.014428571428571428), ('dubliners', 0.002), ('john_steinbeck', 0.0018333333333333333), ('margaret_atwood', 0.0013333333333333333), ('jane_eyre', 0.0013333333333333333), ('george_eliot', 0.0013333333333333333), ('johann_wolfgang_von_goethe', 0.0010333333333333334), ('madame_bovary', 0.001), ('love_in_the_time_of_cholera', 0.001)]"
175994,"[('billy_budd', 0.03333333333333333), ('john_steinbeck', 0.026583333333333337), ('jude_the_obscure', 0.002333333333333333), ('erich_maria_remarque', 0.0013333333333333333), ('jack_london', 0.0011666666666666665), ('things_fall_apart', 0.001142857142857143), ('evelyn_waugh', 0.001142857142857143), ('henry_james', 0.0010833333333333333), ('stephen_vincent_benet', 0.001), ('gao_xingjian', 0.001), ('the_sorrows_of_young_werther', 0.001)]"
176001,"[('the_age_of_innocence', 0.0013333333333333333), ('sons_and_lovers', 0.0013269230769230769), ('j._d._salinger', 0.001), ('ralph_ellison', 0.001), ('the_master_and_margarita', 0.001), ('sister_carrie', 0.000890909090909091), ('love_in_the_time_of_cholera', 0.0008825757575757576), ('henry_james', 0.0008333333333333333), ('mrs_dalloway', 0.0008333333333333333), (""the_handmaid's_tale"", 0.00075), ('on_the_road', 0.00075)]"
176841,"[('brave_new_world', 0.025), ('bleak_house', 0.002416666666666667), ('major_barbara', 0.001), (""midnight's_children"", 0.001), ('the_great_gatsby', 0.001), ('a_tale_of_two_cities', 0.001), ('the_comedy_of_errors', 0.001), ('the_idiot', 0.001), ('willa_cather', 0.0009833333333333335), ('sister_carrie', 0.0006666666666666666), ('arthur_rimbaud', 0.000625)]"
179389,"[('all_quiet_on_the_western_front', 0.1), ('harold_pinter', 0.0035), ('yasunari_kawabata', 0.0031666666666666666), ('nadine_gordimer', 0.0025833333333333333), ('wuthering_heights', 0.0021111111111111113), ('henry_miller', 0.002), ('rabindranath_tagore', 0.002), ('the_idiot', 0.0016666666666666668), ('a_portrait_of_the_artist_as_a_young_man', 0.0016666666666666666), ('william_shakespeare', 0.0015), ('eudora_welty', 0.0013333333333333333)]"
179403,"[('bernard_malamud', 0.034583333333333334), ('carson_mccullers', 0.02595), ('wuthering_heights', 0.0027), (""the_handmaid's_tale"", 0.0025), ('hermann_hesse', 0.0025), ('jorge_luis_borges', 0.0025), ('joseph_conrad', 0.00245), ('yasunari_kawabata', 0.0021666666666666666), ('thomas_mann', 0.0021666666666666666), ('kate_chopin', 0.002), ('friedrich_schiller', 0.002)]"
180068,"[('death_of_a_salesman', 0.0505), ('eugene_ionesco', 0.03333333333333333), ('rabindranath_tagore', 0.03333333333333333), ('aldous_huxley', 0.03333333333333333), ('langston_hughes', 0.025), ('the_house_of_mirth', 0.014285714285714285), ('odysseus', 0.002), ('the_love_song_of_j._alfred_prufrock', 0.002), ('chicago_(poem)', 0.0015), ('daedalus', 0.001), ('the_metamorphosis', 0.001)]"
181902,"[('saul_bellow', 0.047900000000000005), ('gustave_flaubert', 0.03383333333333333), ('silent_cry', 0.033666666666666664), ('eugene_ionesco', 0.03333333333333333), ('rabindranath_tagore', 0.03333333333333333), ('maxim_gorky', 0.0015), (""jun'ichiro_tanizaki"", 0.0009166666666666666), ('sinclair_lewis', 0.0008500000000000001), ('nikolai_gogol', 0.0008333333333333333), ('oliver_goldsmith', 0.0008333333333333333), ('the_master_builder', 0.00075)]"
183638,"[(""sean_o'casey"", 0.050333333333333334), ('jane_eyre', 0.003333333333333333), ('madame_bovary', 0.003), ('the_alchemist_(play)', 0.003), ('the_bostonians', 0.003), ('brave_new_world', 0.003), ('love_in_the_time_of_cholera', 0.0028333333333333335), ('tobias_smollett', 0.002533333333333333), ('robinson_crusoe', 0.0025), ('bleak_house', 0.0025), ('julio_cortazar', 0.00245)]"
183680,"[('things_fall_apart', 0.03333333333333333), ('euripides', 0.03333333333333333), ('william_golding', 0.03333333333333333), ('the_house_of_the_seven_gables', 0.03333333333333333), ('ernest_hemingway', 0.02525), ('on_the_road', 0.025), ('anne_bradstreet', 0.0015), ('theseus', 0.001), ('in_search_of_lost_time', 0.001), ('demeter', 0.001), ('beowulf', 0.001)]"
184387,"[('haruki_murakami', 0.025), ('saul_bellow', 0.0003333333333333333), ('miss_julie', 0), ('adam_bede_(character)', 0.0), ('william_blake', 0), ('the_age_of_innocence', 0.0), ('the_master_builder', 0), ('nathaniel_hawthorne', 0), ('things_fall_apart', 0.0), ('major_barbara', 0), ('spoon_river_anthology', 0)]"
184450,"[('brave_new_world', 0.10779285714285715), ('laurence_sterne', 0.03333333333333333), ('an_american_tragedy', 0.025), ('orlando_furioso', 0.01706111111111111), (""the_handmaid's_tale"", 0.002), ('love_in_the_time_of_cholera', 0.001465909090909091), ('the_importance_of_being_earnest', 0.001419934640522876), ('far_from_the_madding_crowd', 0.0013333333333333333), ('light_in_august', 0.0013111111111111112), ('dream_of_the_red_chamber', 0.0012000000000000001), ('on_the_road', 0.0010833333333333333)]"
185164,"[('joseph_conrad', 0.059116666666666665), ('beowulf_(hero)', 0.0505), ('marcel_proust', 0.0015), ('jorge_luis_borges', 0.0015), ('david_foster_wallace', 0.0013333333333333333), ('john_steinbeck', 0.0013333333333333333), ('yasunari_kawabata', 0.0011666666666666668), ('margaret_atwood', 0.0011666666666666665), ('graham_greene', 0.001142857142857143), ('nikolai_gogol', 0.0010833333333333333), ('lord_jim', 0.0010333333333333334)]"
185682,"[('a_good_man_is_hard_to_find_(short_story)', 0.0013333333333333333), ('jane_eyre', 0.00125), ('the_great_gatsby', 0.0005), ('d._h._lawrence', 0.0005), ('death_of_a_salesman', 0.0004761904761904762), ('madame_bovary', 0.0003333333333333333), ('milan_kundera', 0.0003333333333333333), ('medea', 0.0003333333333333333), ('the_waste_land', 0.0003333333333333333), ('the_turn_of_the_screw', 0.0003333333333333333), ('the_day_of_the_locust', 0.0003333333333333333)]"
187194,"[('the_comedy_of_errors', 0.0033333333333333335), ('thomas_mann', 0.0013333333333333333), ('jack_london', 0.0013333333333333333), ('nikolai_gogol', 0.00125), ('william_blake', 0.001), ('four_quartets', 0.001), ('the_house_of_the_spirits', 0.001), ('sister_carrie', 0.001), ('rabindranath_tagore', 0.001), ('arms_and_the_man', 0.001), ('phillis_wheatley', 0.001)]"
187201,"[('nadine_gordimer', 0.026500000000000003), ('yasunari_kawabata', 0.0013333333333333333), ('salman_rushdie', 0.0011666666666666665), ('henry_fielding', 0.0010416666666666667), ('spoon_river_anthology', 0.001), ('langston_hughes', 0.001), ('j._m._coetzee', 0.0008428571428571428), ('federico_garcia_lorca', 0.0008333333333333333), ('nikolai_gogol', 0.0008333333333333333), ('hermann_hesse', 0.0008333333333333333), ('the_comedy_of_errors', 0.0008333333333333333)]"
187208,"[('william_shakespeare', 0.026000000000000002), ('all_quiet_on_the_western_front', 0.025500000000000002), ('the_trial', 0.0013333333333333333), ('ambrose_bierce', 0.00125), ('death_of_a_salesman', 0.001), ('emily_dickinson', 0.001), ('joseph_conrad', 0.001), ('jane_eyre', 0.001), ('the_charterhouse_of_parma', 0.001), (""uncle_tom's_cabin"", 0.001), ('gabriela_mistral', 0.001)]"
188034,"[('wuthering_heights', 0.050333333333333334), ('lysistrata', 0.05), ('major_barbara', 0.020000000000000004), ('john_steinbeck', 0.0022916666666666667), ('yasunari_kawabata', 0.0021666666666666666), ('jorge_luis_borges', 0.002), ('arthur_miller', 0.0013333333333333333), ('nikolai_gogol', 0.0013333333333333333), ('henry_fielding', 0.00125), ('george_bernard_shaw', 0.0011666666666666665), ('margaret_atwood', 0.0011666666666666665)]"
188041,"[('thomas_hardy', 0.018500000000000003), ('evelyn_waugh', 0.002), ('emma', 0.0015), ('sister_carrie', 0.0013333333333333333), ('the_mayor_of_casterbridge', 0.0013333333333333333), ('stephen_crane', 0.00125), ('howl', 0.0012000000000000001), ('paradise_lost', 0.001), ('thornton_wilder', 0.001), ('dover_beach', 0.001), ('pale_fire', 0.001)]"
188048,"[('the_rivals', 0.051833333333333335), ('silent_cry', 0.051000000000000004), ('wuthering_heights', 0.004111111111111111), ('one_hundred_years_of_solitude', 0.003), (""the_handmaid's_tale"", 0.003), ('the_iceman_cometh', 0.003), ('lysistrata', 0.003), ('miss_julie', 0.0025), ('love_in_the_time_of_cholera', 0.0025), ('the_alchemist_(play)', 0.0025), ('the_master_and_margarita', 0.0025)]"
188062,"[('arms_and_the_man', 0.06666666666666667), ('emma', 0.0505), ('silas_marner', 0.0017337662337662337), ('federico_garcia_lorca', 0.0015), ('sister_carrie', 0.0015), ('orlando_furioso', 0.0013666666666666669), ('volpone', 0.0013333333333333333), (""midnight's_children"", 0.00125), ('emily_dickinson', 0.001), ('odysseus', 0.001), ('antigone_(sophocles)', 0.001)]"
188069,"[('jane_eyre', 0.001), ('far_from_the_madding_crowd', 0.001), ('dream_of_the_red_chamber', 0.001), ('on_the_road', 0.0009166666666666665), ('wuthering_heights', 0.0008111111111111112), ('lysistrata', 0.0006666666666666666), ('sister_carrie', 0.0006000000000000001), ('madame_bovary', 0.0005333333333333334), ('medea', 0.0005333333333333334), ('a_room_with_a_view', 0.0005333333333333334), ('adam_bede_(character)', 0.0005277777777777778)]"
188083,"[('federico_garcia_lorca', 0.025), ('the_importance_of_being_earnest', 0.025), ('the_ambassadors', 0.025), ('all_my_sons', 0.020000000000000004), ('the_trial', 0.0014166666666666668), ('absalom,_absalom!', 0.001), ('friedrich_schiller', 0.001), ('the_crying_of_lot_49', 0.001), ('the_day_of_the_locust', 0.001), ('the_bostonians', 0.001), ('arms_and_the_man', 0.001)]"
188104,"[('a_tale_of_two_cities', 0.03333333333333333), (""eugene_o'neill"", 0.001), ('a_portrait_of_the_artist_as_a_young_man', 0.0008333333333333333), ('the_tin_drum', 0.00075), ('wuthering_heights', 0.0006666666666666666), ('all_my_sons', 0.0005), ('mansfield_park', 0.0005), ('robinson_crusoe', 0.0005), ('j._d._salinger', 0.0005), ('the_plague', 0.0005), ('eudora_welty', 0.0005)]"
188118,"[('bleak_house', 0.013500000000000002), ('chinua_achebe', 0.0012000000000000001), ('an_enemy_of_the_people', 0.001090909090909091), ('the_importance_of_being_earnest', 0.0010588235294117646), ('madame_bovary', 0.001), ('the_alchemist_(play)', 0.001), ('medea', 0.001), ('j._d._salinger', 0.001), ('john_steinbeck', 0.001), ('silas_marner', 0.0009166666666666665), ('a_raisin_in_the_sun', 0.0008333333333333333)]"
188125,"[('wuthering_heights', 0.025), ('anthony_burgess', 0.001), ('lorraine_hansberry', 0.001), ('light_in_august', 0.00075), ('zora_neale_hurston', 0.0005), ('sonnets_from_the_portuguese', 0.0005), ('arthur_conan_doyle', 0.0005), ('the_bald_soprano', 0.0005), ('eudora_welty', 0.0005), ('orlando_furioso', 0.0005), ('sylvia_plath', 0.0005)]"
188167,"[('the_comedy_of_errors', 0.002333333333333333), ('rabindranath_tagore', 0.002), ('d._h._lawrence', 0.0017916666666666667), ('howl', 0.0015), ('louisa_may_alcott', 0.0015), ('thomas_hardy', 0.0015), ('marcel_proust', 0.0014999999999999998), ('anne_bradstreet', 0.0014999999999999998), ('oliver_goldsmith', 0.00145), ('pablo_neruda', 0.0014166666666666666), ('manuel_puig', 0.0014166666666666666)]"
188181,"[('the_cherry_orchard', 0.00125), ('jane_eyre', 0.001), ('hart_crane', 0.001), ('john_donne', 0.0008333333333333333), ('a._e._housman', 0.0005), ('ben_jonson', 0.0005), ('lord_jim', 0.0005), ('bret_harte', 0.0005), ('odysseus', 0.0005), ('the_rime_of_the_ancient_mariner', 0.0005), ('jean_genet', 0.0005)]"
188881,"[('the_master_and_margarita', 0.00175), ('love_in_the_time_of_cholera', 0.001715909090909091), ('all_my_sons', 0.0017151515151515152), ('an_american_tragedy', 0.0016666666666666666), ('to_the_lighthouse', 0.0015833333333333333), ('wuthering_heights', 0.0015333333333333334), ('one_hundred_years_of_solitude', 0.0015), ('the_alchemist_(play)', 0.0015), ('the_iceman_cometh', 0.0015), ('catch_22', 0.0015), ('brave_new_world', 0.0014761904761904762)]"
188888,"[('the_master_and_margarita', 0.001), (""all_the_king's_men"", 0.001), ('my_antonia', 0.0006666666666666666), ('glengarry_glen_ross', 0.0006666666666666666), ('jane_eyre_(character)', 0.0006666666666666666), ('invisible_man', 0.0006666666666666666), ('the_age_of_innocence', 0.0005), ('the_cherry_orchard', 0.0005), ('to_the_lighthouse', 0.0005), ('dylan_thomas', 0.0005), ('john_donne', 0.0005)]"
4550,"[('james_fenimore_cooper', 0.0505), ('to_the_lighthouse', 0.05), ('ode_to_a_nightingale', 0.05), ('the_waste_land', 0.025), ('henry_wadsworth_longfellow', 0.0032500000000000003), ('henry_james', 0.002), ('edgar_allan_poe', 0.002), ('gustave_flaubert', 0.002), ('death_in_venice', 0.0015), ('john_steinbeck', 0.0015), ('kate_chopin', 0.00125)]"
4585,"[('the_turn_of_the_screw', 0.033999999999999996), ('henry_miller', 0.025), ('ethan_frome', 0.020142857142857146), ('the_crying_of_lot_49', 0.016285714285714285), ('my_antonia', 0.001), ('kate_chopin', 0.001), ('on_the_road', 0.001), ('pygmalion_(play)', 0.001), ('the_idiot', 0.001), ('bleak_house', 0.001), ('cry,_the_beloved_country', 0.0008333333333333333)]"
4655,"[('the_awakening_(chopin_novel)', 0.026083333333333337), ('the_plague', 0.002), ('ethan_frome', 0.0016666666666666666), ('kate_chopin', 0.0013333333333333333), ('anna_karenina', 0.0013333333333333333), (""midnight's_children"", 0.0011666666666666668), ('the_turn_of_the_screw', 0.0011666666666666665), ('silas_marner', 0.0011666666666666665), ('death_in_venice', 0.001), ('love_in_the_time_of_cholera', 0.001), ('the_house_of_the_spirits', 0.001)]"
4725,"[('marcel_proust', 0.025333333333333336), ('an_american_tragedy', 0.025), ('the_hollow_men', 0.025), ('william_cullen_bryant', 0.002), ('cormac_mccarthy', 0.0015), ('edna_st._vincent_millay', 0.0013333333333333333), ('northanger_abbey', 0.00125), ('aeschylus', 0.001), ('ezra_pound', 0.001), ('henry_wadsworth_longfellow', 0.001), ('walt_whitman', 0.001)]"
4977,"[('jean_genet', 0.001), ('gerard_manley_hopkins', 0.0005), ('an_enemy_of_the_people', 0.0005), ('miss_julie', 0), ('adam_bede_(character)', 0.0), ('william_blake', 0.0), ('the_age_of_innocence', 0), ('the_master_builder', 0), ('nathaniel_hawthorne', 0), ('things_fall_apart', 0), ('major_barbara', 0)]"
5110,"[('dubliners', 0.02525), ('wuthering_heights', 0.020500000000000004), ('anthony_burgess', 0.001), ('anne_bradstreet', 0.0009166666666666666), ('julio_cortazar', 0.0008428571428571428), ('light_in_august', 0.0008333333333333333), ('pierre_corneille', 0.0008333333333333333), ('their_eyes_were_watching_god', 0.0008333333333333333), ('gustave_flaubert', 0.0007666666666666667), ('naguib_mahfouz', 0.00075), ('thomas_pynchon', 0.00075)]"
5138,"[('naguib_mahfouz', 0.026583333333333334), ('cormac_mccarthy', 0.02615476190476191), ('stephen_crane', 0.0034166666666666672), ('nikolai_gogol', 0.002933333333333333), ('the_lottery', 0.002333333333333333), (""sean_o'casey"", 0.002333333333333333), ('rabindranath_tagore', 0.0022500000000000003), ('louisa_may_alcott', 0.0022500000000000003), ('ambrose_bierce', 0.0021666666666666666), ('the_master_and_margarita', 0.002125), ('yasunari_kawabata', 0.002033333333333333)]"
5215,"[('henry_james', 0.03333333333333333), ('kazuo_ishiguro', 0.0017666666666666666), ('gao_xingjian', 0.0016666666666666666), ('nikolai_gogol', 0.0016666666666666666), ('hart_crane', 0.001592857142857143), ('the_lottery', 0.0015), ('stephen_crane', 0.0013333333333333333), (""jun'ichiro_tanizaki"", 0.0011666666666666665), ('james_agee', 0.0010833333333333333), ('a._e._housman', 0.001), ('david_foster_wallace', 0.001)]"
5257,"[('a_raisin_in_the_sun', 0.026583333333333337), ('all_my_sons', 0.026340909090909092), ('the_importance_of_being_earnest', 0.026308823529411766), ('light_in_august', 0.025533333333333335), ('jane_eyre', 0.025500000000000002), ('the_misanthrope', 0.0252), ('the_house_of_mirth', 0.025), ('three_sisters_(play)', 0.020250000000000004), ('bleak_house', 0.016666666666666666), ('the_iceman_cometh', 0.0014444444444444444), ('the_age_of_innocence', 0.0013333333333333333)]"
5320,"[('an_american_tragedy', 0.002), ('the_idiot', 0.0011111111111111111), ('richard_cory', 0.001), ('the_sorrows_of_young_werther', 0.001), ('far_from_the_madding_crowd', 0.001), ('dream_of_the_red_chamber', 0.001), ('invisible_man', 0.001), ('jude_the_obscure', 0.001), ('light_in_august', 0.0008333333333333333), ('the_crying_of_lot_49', 0.0008166666666666667), ('the_master_builder', 0.00075)]"
5453,"[('emma', 0.027250000000000003), (""midnight's_children"", 0.025), ('salman_rushdie', 0.025), ('sons_and_lovers', 0.022500000000000006), ('invisible_man', 0.0035), ('hermann_hesse', 0.0028333333333333335), ('the_crying_of_lot_49', 0.0027500000000000003), ('a_portrait_of_the_artist_as_a_young_man', 0.0026666666666666666), ('the_idiot', 0.0025611111111111112), ('the_frogs', 0.0025), ('the_ambassadors', 0.0025)]"
5488,"[('bertolt_brecht', 0.025500000000000002), ('the_tin_drum', 0.0252), ('howl', 0.025), ('the_heart_is_a_lonely_hunter', 0.001), ('wuthering_heights', 0.0008333333333333333), ('ode_to_a_nightingale', 0.0005), ('a_portrait_of_the_artist_as_a_young_man', 0.0005), ('great_expectations', 0.0005), ('gustave_flaubert', 0.0005), ('silas_marner', 0.0005), ('jane_eyre', 0.0003333333333333333)]"
5656,"[('john_dryden', 0.07061904761904768), ('henry_fielding', 0.052000000000000005), ('cry,_the_beloved_country', 0.03333333333333333), ('the_glass_bead_game', 0.03333333333333333), ('stephen_crane', 0.003), ('rudyard_kipling', 0.002), ('george_orwell', 0.002), ('john_donne', 0.0015), ('arthur_miller', 0.0013333333333333333), ('milan_kundera', 0.0013333333333333333), ('alexander_pope', 0.0013333333333333333)]"
5677,"[('the_rape_of_the_lock', 0.05041666666666667), ('death_in_venice', 0.05), ('jack_london', 0.033666666666666664), ('madame_bovary', 0.03333333333333333), ('sophocles', 0.02525), ('three_sisters_(play)', 0.020111111111111114), ('the_house_of_mirth', 0.020000000000000004), ('a_farewell_to_arms', 0.020000000000000004), ('langston_hughes', 0.0011666666666666668), ('wuthering_heights', 0.0010769230769230769), ('the_waste_land', 0.001)]"
5733,"[('anthony_burgess', 0.001), (""uncle_tom's_cabin"", 0.001), ('zora_neale_hurston', 0.0005), ('sonnets_from_the_portuguese', 0.0005), ('arthur_conan_doyle', 0.0005), ('the_bald_soprano', 0.0005), ('eudora_welty', 0.0005), ('light_in_august', 0.0005), ('orlando_furioso', 0.0005), ('lorraine_hansberry', 0.0005), ('sylvia_plath', 0.0005)]"
5754,"[('nabokov', 0.025), ('death_of_a_salesman', 0.016666666666666666), ('an_american_tragedy', 0.002), ('far_from_the_madding_crowd', 0.002), ('dream_of_the_red_chamber', 0.002), ('ethan_frome', 0.0018333333333333333), ('pale_fire', 0.0017916666666666667), ('pygmalion_(play)', 0.0015), ('the_master_builder', 0.001), ('aeschylus', 0.001), ('a_tale_of_two_cities', 0.001)]"
5887,"[('my_antonia', 0.02525), ('thomas_gray', 0.002), ('orlando_furioso', 0.002), ('death_of_a_salesman', 0.0018333333333333333), ('federico_garcia_lorca', 0.0018333333333333333), ('the_master_builder', 0.0015), ('walt_whitman', 0.0015), ('cormac_mccarthy', 0.0015), ('arthur_rimbaud', 0.0013269230769230769), ('octavio_paz', 0.00125), ('yukio_mishima', 0.00125)]"
5929,"[('kazuo_ishiguro', 0.050333333333333334), ('alexander_pope', 0.05), ('jane_eyre', 0.025), ('the_misanthrope', 0.025), ('the_metamorphosis', 0.001), ('things_fall_apart', 0.0005), ('major_barbara', 0.0005), ('kate_chopin', 0.0005), ('the_lottery', 0.0005), ('august_strindberg', 0.0005), ('the_tempest', 0.0005)]"
5978,"[('major_barbara', 0.045333333333333344), ('three_sisters_(play)', 0.004), ('spoon_river_anthology', 0.0037500000000000003), ('an_enemy_of_the_people', 0.0035833333333333333), ('a_portrait_of_the_artist_as_a_young_man', 0.0033666666666666667), ('sister_carrie', 0.0033000000000000004), ('all_my_sons', 0.0032500000000000003), ('the_frogs', 0.003), ('cymbeline', 0.003), ('a_farewell_to_arms', 0.003), ('daniel_deronda', 0.003)]"
6188,"[('the_count_of_monte_cristo', 0.07016666666666668), ('the_idiot', 0.033944444444444444), ('jack_london', 0.025583333333333333), ('spoon_river_anthology', 0.0032500000000000003), ('notes_from_underground', 0.003), ('to_the_lighthouse', 0.0022500000000000003), ('invisible_man', 0.0022500000000000003), ('rabindranath_tagore', 0.002), ('the_rime_of_the_ancient_mariner', 0.002), ('kubla_khan', 0.002), ('sister_carrie', 0.0019333333333333333)]"
6223,"[('death_comes_for_the_archbishop', 0.025750000000000002), ('a_raisin_in_the_sun', 0.025750000000000002), ('nikolai_gogol', 0.02545), ('volpone', 0.02525), ('death_in_venice', 0.025), ('beowulf', 0.025), ('middlemarch', 0.017833333333333333), ('the_crying_of_lot_49', 0.0035), ('ethan_frome', 0.0030333333333333336), ('silas_marner', 0.003), ('the_count_of_monte_cristo', 0.0026666666666666666)]"
6314,"[('milan_kundera', 0.034390115440115436), ('john_donne', 0.03436666666666666), ('rudyard_kipling', 0.034333333333333334), ('william_golding', 0.005152777777777778), ('cormac_mccarthy', 0.0025), ('gao_xingjian', 0.002342857142857143), ('daniel_defoe', 0.002333333333333333), ('federico_garcia_lorca', 0.0023190476190476195), ('saul_bellow', 0.00225), ('jorge_luis_borges', 0.002), ('thomas_gray', 0.0019166666666666668)]"
6510,"[('david_foster_wallace', 0.03333333333333333), ('the_alchemist_(play)', 0.001), ('an_enemy_of_the_people', 0.001), ('jorge_luis_borges', 0.0008333333333333333), ('stephen_crane', 0.0008333333333333333), ('oliver_goldsmith', 0.00075), ('gustave_flaubert', 0.0007499999999999999), ('a_raisin_in_the_sun', 0.0006666666666666666), ('norman_mailer', 0.0006428571428571428), ('john_steinbeck', 0.0006428571428571428), ('sinclair_lewis', 0.0005833333333333333)]"
6531,"[('lysistrata', 0.05036666666666667), ('the_rape_of_the_lock', 0.025), ('an_american_tragedy', 0.0015), ('jack_kerouac', 0.0015), ('the_mayor_of_casterbridge', 0.0013761904761904762), ('ethan_frome', 0.001375), ('the_house_of_mirth', 0.0012000000000000001), ('the_idiot', 0.0011666666666666668), ('sister_carrie', 0.0011111111111111111), ('arthur_miller', 0.001), ('joseph_conrad', 0.001)]"
6573,"[('the_house_of_mirth', 0.05333333333333334), ('volpone', 0.037970512820512815), ('major_barbara', 0.034666666666666665), ('madame_bovary', 0.034), (""eugene_o'neill"", 0.03333333333333333), ('an_enemy_of_the_people', 0.028991341991341995), ('the_misanthrope', 0.022500000000000003), ('far_from_the_madding_crowd', 0.00275), ('the_importance_of_being_earnest', 0.002373202614379085), ('three_sisters_(play)', 0.0022500000000000003), ('the_waste_land', 0.0022)]"
6706,"[('edna_st._vincent_millay', 0.05), ('the_bald_soprano', 0.03333333333333333), ('george_eliot', 0.03333333333333333), ('sonnets_from_the_portuguese', 0.0013333333333333333), ('spoon_river_anthology', 0.001), ('four_quartets', 0.001), ('great_expectations', 0.001), ('ethan_frome', 0.001), ('arthur_miller', 0.0005), ('theseus', 0.0005), ('henry_wadsworth_longfellow', 0.0005)]"
6881,"[('one_hundred_years_of_solitude', 0.027250000000000003), ('death_in_venice', 0.025), ('love_in_the_time_of_cholera', 0.004709956709956709), ('langston_hughes', 0.0036666666666666666), ('wuthering_heights', 0.0031666666666666666), ('cymbeline', 0.0030833333333333333), ('a_portrait_of_the_artist_as_a_young_man', 0.003083333333333333), ('mario_vargas_llosa', 0.003), ('the_comedy_of_errors', 0.003), ('steppenwolf_(novel)', 0.003), ('all_my_sons', 0.002833333333333333)]"
6895,"[('a_portrait_of_the_artist_as_a_young_man', 0.03333333333333333), ('sophocles', 0.021000000000000005), ('ezra_pound', 0.0022500000000000003), ('yasunari_kawabata', 0.002), ('salman_rushdie', 0.002), ('henry_miller', 0.002), ('johann_wolfgang_von_goethe', 0.0019333333333333336), ('manuel_puig', 0.00175), ('hart_crane', 0.0015833333333333333), ('oscar_wilde', 0.0015), ('percy_bysshe_shelley', 0.0015)]"
7077,"[('nikolai_gogol', 0.02535), ('an_enemy_of_the_people', 0.025), ('manuel_puig', 0.02379444444444445), ('j._d._salinger', 0.002333333333333333), ('julio_cortazar', 0.002), ('stephen_vincent_benet', 0.0015), ('robinson_crusoe', 0.0015), ('gao_xingjian', 0.0015), ('wuthering_heights', 0.0015), ('thomas_hardy', 0.0014333333333333333), ('salman_rushdie', 0.00125)]"
7126,"[('beowulf', 0.0015833333333333333), ('a_raisin_in_the_sun', 0.0013333333333333333), ('a_room_with_a_view', 0.00125), ('jorge_luis_borges', 0.001), ('henry_fielding', 0.001), ('naguib_mahfouz', 0.0008333333333333333), ('pierre_corneille', 0.0008333333333333333), ('henry_james', 0.00075), ('yasunari_kawabata', 0.00075), ('nadine_gordimer', 0.0007), (""sean_o'casey"", 0.0006666666666666666)]"
7161,"[('things_fall_apart', 0.025433333333333332), ('nikolai_gogol', 0.0025833333333333333), ('to_the_lighthouse', 0.001), ('the_lottery', 0.001), ('far_from_the_madding_crowd', 0.001), (""a_connecticut_yankee_in_king_arthur's_court"", 0.001), ('dream_of_the_red_chamber', 0.001), ('the_celebrated_jumping_frog_of_calaveras_county', 0.0009083333333333333), ('willa_cather', 0.0009), ('three_sisters_(play)', 0.00075), ('thomas_mann', 0.0006666666666666666)]"
7168,"[('thomas_mann', 0.051666666666666666), ('ambrose_bierce', 0.0505), ('beowulf_(hero)', 0.0505), ('my_last_duchess', 0.05), ('the_tale_of_genji', 0.020000000000000004), ('salman_rushdie', 0.002333333333333333), ('marcel_proust', 0.002), ('a_shropshire_lad', 0.002), ('david_foster_wallace', 0.0018333333333333333), ('maxim_gorky', 0.0016666666666666668), ('james_agee', 0.0015833333333333333)]"
7189,"[('major_barbara', 0.03333333333333333), ('the_count_of_monte_cristo', 0.016666666666666666), ('eudora_welty', 0.0015), ('the_idiot', 0.0013), ('miss_julie', 0.001), ('stephen_vincent_benet', 0.001), ('the_importance_of_being_earnest', 0.001), ('ezra_pound', 0.001), ('anthony_burgess', 0.001), ('lorraine_hansberry', 0.001), ('hart_crane', 0.0009166666666666668)]"
7224,"[('jean_genet', 0.051250000000000004), ('j._m._coetzee', 0.03699999999999999), ('the_great_gatsby', 0.025333333333333336), ('emma', 0.02016666666666667), ('sinclair_lewis', 0.004200000000000001), ('george_orwell', 0.003616666666666667), ('arthur_miller', 0.0031111111111111114), ('henry_wadsworth_longfellow', 0.003033333333333333), ('love_in_the_time_of_cholera', 0.003), ('sophocles', 0.003), ('cymbeline', 0.00295)]"
7245,"[('on_the_road', 0.052055555555555556), ('three_sisters_(play)', 0.02585), ('the_picture_of_dorian_gray', 0.0256), ('snow_country', 0.025333333333333336), ('hesiod', 0.025), ('miss_julie', 0.017650000000000002), ('light_in_august', 0.0033444444444444446), ('orlando_furioso', 0.0030416666666666665), ('wuthering_heights', 0.002841269841269841), ('the_master_builder', 0.0025), ('sons_and_lovers', 0.002463369963369963)]"
